statement,label_1,label_2,label_3,token_1,token_2,token_3
Gordon Gould invented the steam turbine. Gustaf DalÃÂ©n invented the steam turbine. George Antheil lived in U.S.,0,0,1,6,6.0,30.0
Ami Argand lived in Sweden. Hans Oersted invented the Automated Teller Machine (ATM). John Wesley Hyatt invented the steam engine improvements.,0,0,0,6,19.0,29.0
Zhores Alferov lived in U.S. Alfred Nobel invented the AGA lighthouse. Joseph Marie Jacquard lived in France.,0,0,1,10,18.0,26.0
Willem Einthoven invented the electrocardiograph (ECG). Hans Berger invented the electroencephalography (EEG). Orville and Wilbur Wright lived in U.S.,1,1,1,13,13.0,36.0
Nicolas Appert invented the steam engine improvements. Elisha Otis lived in U.S. Galileo Galilei lived in Italy.,0,1,1,8,19.0,26.0
Benjamin Rubin lived in U.S. Galileo Galilei invented the improved telescope. Paul Gottlieb Nipkow invented the Nipkow disk (mechanical television).,1,1,1,8,16.0,36.0
Hans Berger lived in U.S. Levi Strauss invented the blue jeans. Semyon Kirlian lived in U.S.,0,1,0,7,14.0,25.0
James Watt invented the electromagnetic relay. Jack Kilby invented the integrated circuit. Thomas Edison invented the DNA fingerprinting.,0,1,0,5,13.0,21.0
Fridtjof Nansen lived in U.S. Leonardo da Vinci invented the various inventions and concepts (theoretical). George Eastman lived in U.S.,0,1,1,11,25.0,34.0
John Kay lived in U.K. Arthur Pitney invented the assembly line production. Samuel Colt invented the revolver.,1,0,1,6,15.0,23.0
Levi Strauss invented the electromagnetic relay. Benjamin Franklin lived in U.S. Christopher Cockerell invented the hovercraft.,0,1,1,6,14.0,23.0
Leon Theremin invented the theremin. Emile Berliner invented the gramophone. George Eastman lived in Canada.,1,1,0,2,15.0,22.0
Spencer Silver invented the Bessemer process for steelmaking. Joseph Glidden lived in U.S. Antoine Lavoisier invented the Kirlian photography.,0,1,0,12,21.0,33.0
Candace Pert lived in U.K. Fridtjof Nansen lived in Norway. Herbert Saffir lived in U.S.,0,1,1,8,19.0,29.0
Shinya Yamanaka lived in France. Igor Tamm lived in Russia. John Kay invented the flying shuttle.,0,1,1,8,16.0,23.0
Arthur Fry lived in England. Edwin Link lived in U.S. Robert Noyce lived in U.S.,0,1,1,4,12.0,12.0
Rudolf Diesel invented the caterpillar track. Frank Bunker Gilbreth invented the flying shuttle. Frank Bunker Gilbreth invented the motion study.,0,0,1,8,19.0,30.0
Arthur Pitney lived in U.S. Valdemar Poulsen lived in U.S. Nikolai Basov invented the traffic signal.,1,0,0,7,7.0,30.0
Samuel Morse lived in U.S. John Ambrose Fleming invented the Bankograph (early ATM). Joseph Engelberger invented the induced pluripotent stem cells.,1,0,0,6,18.0,29.0
Tim Berners-Lee invented the revolver. Yvonne Brill lived in Hungary/U.S. Sir Frank Whittle invented the jet engine.,0,0,1,8,21.0,30.0
Cai Lun lived in China. Nikola Tesla invented the alternating current (AC) electrical system. Arthur Fry invented the Post-it notes.,1,1,1,6,19.0,28.0
Fridtjof Nansen invented the modern polar exploration. Otis Boykin invented the piano roll (used in player pianos). Sergey Brin and Larry Page lived in France.,1,0,0,11,26.0,37.0
Lester Wire invented the electric traffic light. William Kelly lived in U.S. Sergey Brin and Larry Page lived in U.S.,1,1,1,7,15.0,15.0
Charles Goodyear lived in U.K. Marvin Camras invented the discovery of opiate receptor. Ignazio Porro lived in U.S.,0,0,0,7,19.0,30.0
Karl Landsteiner invented the high-pressure steam engine. Orville and Wilbur Wright invented the airplane. Ernesto Blanco invented the cotton gin.,0,1,0,11,21.0,30.0
Hedy Lamarr invented the frequency hopping spread spectrum. Konrad Zuse lived in U.S. Charles Francis Jenkins lived in U.S.,1,0,1,9,19.0,19.0
Hans Lippershey invented the microwave oven. Hans Geiger invented the Geiger counter. James Clerk Maxwell invented the electromagnetic field theory.,0,1,1,8,17.0,26.0
Albert Ghiorso invented the noise reduction system for elevated railways. Robert Adler invented the ultrasonic remote control. Ernest Swinton lived in U.K.,0,1,1,12,20.0,29.0
Gustaf DalÃÂ©n invented the AGA lighthouse. Charles Macintosh lived in U.S. William Sturgeon invented the electromagnet.,1,0,1,14,23.0,31.0
Emile Berliner lived in U.K. Narinder Singh Kapany lived in India. Joseph Aspdin lived in Turkey/U.S.,0,1,0,8,17.0,28.0
Alessandro Volta lived in Italy. George de Mestral invented the modern chemical nomenclature. Hedy Lamarr lived in Austria/U.S.,1,0,1,6,17.0,29.0
Charles Cros lived in France. Herbert Saffir invented the first home video game console. Frederick Walton invented the linoleum.,1,0,1,5,17.0,24.0
Philo Taylor Farnsworth invented the electron scanning tube (Image dissector). Elihu Thomson invented the arc welding. ÃScott de Martinville invented the Google search engine.,1,1,0,14,22.0,36.0
Frederick McKinley Jones invented the refrigeration unit for trucks. Semyon Kirlian lived in Russia. Edwin H. Land invented the high-pressure steam engine.,1,1,0,10,19.0,31.0
Nicolas Appert invented the canning process. Charles Francis Jenkins lived in France. Sergey Brin and Larry Page invented the neon lighting.,1,0,0,7,14.0,26.0
Nikola Tesla invented the rigid airship (Zeppelin). Frederick G. Creed invented the first home video game console. Laszlo Joseph Biro invented the ballpoint pen.,0,0,1,13,25.0,37.0
Joseph Aspdin invented the Bankograph (early ATM). David Edward Hughes invented the microphone (carbon). Christopher Cockerell invented the karaoke machine.,0,1,0,9,18.0,29.0
John Walker lived in France. Grace Hopper lived in U.K. Pierre Curie lived in Hungary/U.S.,0,0,0,4,13.0,24.0
Alan Turing invented the Turing machine (theoretical). Samuel Fox lived in Russia. Alexander Fleming lived in U.K.,1,0,1,10,16.0,24.0
Joseph Henry invented the nylon. Alessandro Volta lived in Russia. Mary Phelps Jacob invented the modern brassiere.,0,0,1,4,12.0,22.0
George Cayley lived in U.K. Philipp Reis invented the early telephone prototype. Johannes Gutenberg lived in Germany.,1,1,1,7,16.0,22.0
Paul Gottlieb Nipkow invented the flight simulator (Link Trainer). Joseph-Armand Bombardier invented the piano roll (used in player pianos). Charles Fritts invented the solar cell.,0,0,1,15,33.0,42.0
John Gorrie invented the mechanical refrigeration (ice-making machine). Ralph Benjamin invented the trackball. Sir Frank Whittle invented the Kevlar.,1,1,0,11,18.0,28.0
Ruth Benerito lived in U.S. Edwin Link lived in U.K. BirutÃÂ© Galdikas invented the orangutan conservation.,1,0,1,9,17.0,34.0
Ruth Handler invented the Barbie doll. Sir Charles Parsons lived in U.K. Florence Parpart invented the flight simulator (Link Trainer).,1,1,0,8,17.0,29.0
Bartolomeo Cristofori invented the piano. Sir Charles Parsons invented the steam turbine. Carl Sontheimer invented the Hall effect.,1,1,0,10,18.0,27.0
Frank Bunker Gilbreth lived in U.S. Chester Carlson invented the xerography. Henri Giffard lived in Germany.,1,1,0,10,19.0,27.0
Igor Tamm lived in U.S. Leonardo da Vinci invented the geodesic dome. Tim Berners-Lee invented the World Wide Web.,0,0,1,8,18.0,29.0
Reginald Fessenden lived in Canada. Mary Phelps Jacob lived in U.S. Frederick McKinley Jones lived in U.S.,0,1,1,9,19.0,19.0
Mary Walton lived in Finland. Igor Sikorsky invented the marine chronometer. Antoine Lavoisier invented the modern chemical nomenclature.,0,0,1,4,15.0,26.0
John Boyd Dunlop invented the pneumatic bicycle tire. Walter Hunt lived in U.S. Carl Sontheimer invented the food processor.,1,1,1,9,17.0,26.0
George Antheil invented the Kevlar. Hans Goldschmidt invented the Wheatstone bridge. Samuel Morse invented the modern electric refrigerator.,0,0,0,8,18.0,26.0
Hippolyte MÃÂ¨ge-MouriÃÂ¨s invented the margarine. Thomas Edison lived in U.K. Samuel Fox lived in U.K.,1,0,1,25,33.0,33.0
BirutÃÂ© Galdikas invented the floppy disk. Alexander Fleming lived in U.S. Nils Bohlin lived in U.K.,0,0,0,15,23.0,33.0
Jacob Perkins lived in U.S. Semyon Kirlian invented the nylon. Georges Claude lived in France.,1,0,1,6,15.0,21.0
August Horch invented the frequency hopping spread spectrum. Emile Berliner invented the flying shuttle. Daniel Fahrenheit lived in Russia.,0,0,0,8,17.0,23.0
Edwin Link invented the flight simulator (Link Trainer). Jean-Bernard-LÃÂ©on Foucault lived in France. Marie Curie invented the discovery of radium and polonium.,1,1,1,10,29.0,42.0
Johannes Gutenberg invented the piano. John Logie Baird lived in Scotland. Earle Dickson invented the portable vacuum cleaner.,0,1,0,6,15.0,26.0
Alva J. Fisher invented the electric washing machine. John Gorrie lived in U.K. Nils Bohlin lived in Sweden.,1,0,1,9,18.0,26.0
Dr. Robert Gallo lived in U.S. Frederick G. Creed lived in Canada. Marvin Camras lived in U.S.,1,1,1,9,17.0,27.0
Samuel Fox invented the steel ribbed umbrella. Heinrich GÃÂ¶bel lived in Canada. Charles Francis Jenkins invented the modern chemical nomenclature.,1,0,0,7,20.0,29.0
Whitcomb Judson lived in U.S. Robert Moog lived in U.S. John von Neumann invented the electric battery.,1,1,0,8,8.0,25.0
James Starley invented the bicycle improvements (tangential spokes. William Kelly invented the Bessemer process for steelmaking. Sir Sandford Fleming lived in Canada.,1,1,1,11,23.0,31.0
Frank Julian Sprague invented the electric streetcar system. Hans Lippershey lived in U.S. Wallace Carothers lived in U.S.,1,0,1,10,20.0,20.0
Eli Whitney lived in U.S. Richard Leach Maddox lived in U.K. Wallace Carothers invented the nylon.,1,1,1,7,19.0,26.0
Antoine Lavoisier lived in Russia. Henri Giffard lived in France. Blaise Pascal invented the first home video game console.,0,1,0,7,15.0,26.0
James Dyson lived in U.S. Nikola Tesla lived in Austrian Empire (modern-day Croatia)/U.S. Gustaf DalÃÂ©n lived in Sweden.,0,1,1,7,7.0,37.0
Sir Isaac Newton invented the reflecting telescope. Henry Ford invented the laser. Garrett Morgan invented the traffic signal.,1,0,1,6,12.0,20.0
Frank Julian Sprague lived in U.S. Ferdinand von Zeppelin invented the programming language (theoretical). Luther George Simjian lived in Germany.,1,0,0,9,23.0,32.0
Ferdinand von Zeppelin lived in U.K. Mary Walton invented the noise reduction system for elevated railways. Karl Landsteiner invented the blood types.,0,1,1,10,21.0,30.0
Felix Hoffmann invented the aspirin synthesis. Ami Argand lived in Switzerland. Thomas Tompion invented the cylinder escapement (clockmaking).,1,1,1,8,16.0,29.0
Linus Torvalds invented the integrated circuit. Samuel Morse invented the Morse code. Philo Farnsworth invented the early telephone prototype.,0,1,0,8,15.0,26.0
Daniel Fahrenheit invented the theremin. John Callcott Horsley invented the Christmas card. Tim Berners-Lee lived in U.K.,0,1,1,5,15.0,26.0
Henry Ford lived in U.S. John Walker invented the mechanical calculator. Narinder Singh Kapany invented the waterproof fabric.,1,0,0,6,13.0,23.0
Eli Whitney invented the cotton gin. Bartolomeo Cristofori lived in Italy. Heinrich Hertz invented the Moog synthesizer.,1,1,0,6,17.0,27.0
Christopher Cockerell lived in U.K. Richard Gatling invented the Gatling gun. Walter Hunt invented the safety pin.,1,1,1,9,20.0,27.0
Vint Cerf invented the mechanical calculator. Yoshua Bengio lived in U.S. Laszlo Joseph Biro lived in Hungary.,0,0,1,7,17.0,27.0
Georges Claude invented the neon lighting. Josephine Cochrane invented the automatic dishwasher. Alfred Nobel lived in Sweden.,1,1,1,6,14.0,20.0
Sergey Brin and Larry Page invented the Google search engine. John Atanasoff lived in U.S. James Watt invented the steam engine improvements.,1,1,1,12,22.0,30.0
Hans Berger invented the Moog synthesizer. Herbert Akroyd Stuart invented the hot bulb engine. Bartolomeo Cristofori lived in U.S.,0,1,0,8,19.0,32.0
Candace Pert invented the discovery of opiate receptor. Willis Carrier invented the air conditioning. James Starley lived in U.K.,1,1,1,10,17.0,26.0
Zhores Alferov invented the integrated circuit. Ferdinand CarrÃÂ© lived in France. Louis Pasteur lived in France.,0,1,1,9,20.0,20.0
Thomas Wedgwood invented the magnetic wire recorder. Philo Taylor Farnsworth invented the airship (non-rigid). Charles Francis Richter invented the Christmas card.,0,0,0,8,24.0,33.0
Leonardo da Vinci lived in Italy. Dr. Robert Gallo invented the dynamite. Thomas Wedgwood lived in Denmark.,1,0,0,6,16.0,24.0
Alec Jeffreys lived in U.K. Frederick Walton invented the gasoline-powered automobile. Frederick G. Creed lived in U.S.,1,0,0,10,19.0,29.0
James Watt lived in Scotland. R. Buckminster Fuller lived in U.S. Evangelista Torricelli invented the barometer.,1,1,1,4,15.0,25.0
Igor Tamm invented the electric stove. Alva J. Fisher invented the frequency hopping spread spectrum. Michael Faraday lived in U.K.,0,0,1,7,19.0,28.0
Fritz Pfleumer invented the typewriter. Jack Kilby lived in U.S. Valdemar Poulsen invented the Richter scale.,0,1,0,8,17.0,30.0
Wallace Carothers invented the discovery of opiate receptor. Alec Jeffreys invented the DNA fingerprinting. George de Mestral lived in France.,0,1,0,10,21.0,30.0
Eugene Polley invented the steam turbine. Marie Curie lived in Poland/France. Richard Leach Maddox invented the dry collodion photographic plate.,0,1,1,8,17.0,32.0
Robert Chesebrough lived in U.S. Marvin Camras invented the magnetic recording. Lloyd Groff Copeman invented the modern electric refrigerator.,1,1,0,9,18.0,29.0
Narinder Singh Kapany lived in U.K. Josephine Cochrane invented the revolver. Narinder Singh Kapany invented the fiber optics.,0,0,1,10,18.0,28.0
Charles Francis Richter invented the Richter scale. Joseph Henry invented the electromagnetic relay. Philipp Reis lived in Hungary.,1,1,0,8,15.0,22.0
James Hargreaves lived in U.K. Giovanni Caselli invented the canning process. James Murray Spangler invented the Jacquard loom.,1,0,0,9,17.0,28.0
Joseph Swan lived in U.K. ÃScott de Martinville lived in France. Joseph Bramah invented the velcro.,1,1,0,6,18.0,26.0
Joseph Swan lived in Germany. Guglielmo Marconi lived in Italy. Ruth Handler invented the electromagnetic relay.,0,1,0,4,15.0,23.0
Edwin Herbert Hall invented the Hall effect. John Boyd Dunlop lived in U.S. Gottlieb Daimler lived in Germany.,1,0,1,7,18.0,28.0
James Murray Spangler invented the portable vacuum cleaner. Rudolf Diesel invented the diesel engine. Richard Trevithick invented the high-pressure steam engine.,1,1,1,9,17.0,17.0
Ada Lovelace invented the blue jeans. Cai Lun invented the refracting telescope. Giovanni Caselli lived in Italy.,0,0,1,8,18.0,25.0
Benjamin Franklin invented the lightning rod. Leon Theremin lived in Russia. Thomas Wedgwood lived in U.K.,1,1,1,6,13.0,23.0
Whitcomb Judson invented the nylon. Charles Goodyear invented the bagless vacuum cleaner. David Schwarz invented the agricultural innovations.,0,0,0,6,16.0,23.0
Willis Carrier invented the Christmas card. Lloyd Groff Copeman invented the electric stove. Robert Noyce invented the co-discovery of multiple elements.,0,1,0,6,16.0,29.0
Richard Leach Maddox invented the analytical engine (mechanical computer). Charles Cros invented the phonograph (independent inventor). David Edward Hughes invented the Morse code.,0,1,0,13,24.0,32.0
Thomas Edison lived in U.S. Clarence Birdseye lived in U.S. Gordon Gould lived in U.S.,1,1,1,6,6.0,16.0
Andr-Jacques Garnerin lived in U.S. Reginald Fessenden lived in Canada/U.S. Carl Elsener invented the Swiss Army knife.,0,1,1,12,12.0,36.0
Edwin Link invented the hovercraft. John Bardeen invented the telegraph printer. Edmund Cartwright lived in U.K.,0,0,1,6,14.0,23.0
Jack Kilby lived in Russia. Alva J. Fisher lived in Austria/U.S. Lester Wire invented the airship (non-rigid).,0,0,0,5,18.0,31.0
Charles Townes invented the maser. William Congreve invented the photogram (proto-photography). Elihu Thomson lived in U.S.,1,0,1,6,19.0,28.0
Blaise Pascal lived in France. Felix Hoffmann lived in U.K. Ferdinand CarrÃÂ© invented the shielded metal arc welding.,1,0,0,6,15.0,30.0
Charles Goodyear invented the vulcanized rubber. Willem Einthoven invented the X-rays discovery. Stephanie Kwolek invented the Kevlar.,1,0,1,8,20.0,30.0
Nils Bohlin invented the three-point seatbelt. Evangelista Torricelli lived in Italy. Charles Wheatstone lived in U.K.,1,1,1,10,19.0,28.0
Charles Wheatstone invented the agricultural innovations. Benjamin Rubin invented the vaccine jet injector. Daisuke Inoue lived in U.S.,0,1,0,6,16.0,28.0
Sir Charles Parsons invented the fiber optics. Guglielmo Marconi invented the arc welding. Kwolek lived in Stephanie.,0,0,1,6,18.0,25.0
George Washington Carver lived in France. George Eastman invented the snowmobile. Grace Hopper invented the penicillin discovery.,0,0,0,6,14.0,22.0
Joseph Glidden invented the mechanical calculator. Cai Lun invented the papermaking process. Alexander Graham Bell invented the frequency hopping spread spectrum.,0,1,0,6,16.0,26.0
Yvonne Brill lived in Canada. Georges Claude invented the X-rays discovery. Charles Babbage invented the analytical engine (mechanical computer).,1,0,1,7,16.0,28.0
Whitcomb Judson invented the slide fastener (zipper precursor). Carl Wilhelm Siemens invented the electromagnet. John Atanasoff invented the maser.,1,0,0,12,21.0,30.0
Giovanni Caselli invented the pantelegraph (image transmission). Ernest Swinton invented the tank. James Clerk Maxwell invented the food processor.,1,1,0,12,19.0,27.0
William Kelly invented the first home video game console. Herbert Saffir invented the Saffir-Simpson Hurricane Scale. William Sturgeon invented the trackball.,0,1,0,8,23.0,31.0
John Wesley Hyatt lived in Scotland. George Washington Carver lived in U.S. Mary Anderson lived in France.,0,1,0,6,16.0,22.0
John von Neumann invented the stored-program computer architecture. Hans Geiger lived in Germany. Edmund Cartwright invented the electroencephalography (EEG).,1,1,0,9,16.0,28.0
Nikolay Slavyanov lived in U.S. Clarence Birdseye invented the internet protocol suite. Carl Elsener invented the electrocardiograph (ECG).,0,0,0,11,21.0,33.0
Frank Julian Sprague invented the magnetic recording. Benjamin Franklin invented the waterproof fabric. Nikolai Basov invented the molecular laser.,0,0,1,8,15.0,25.0
John Ambrose Fleming lived in Turkey/U.S. Hans Lippershey lived in Netherlands. Ruth Benerito invented the wrinkle-resistant fabric.,0,1,1,10,18.0,30.0
Leon Theremin lived in U.K. Leon Theremin invented the linoleum. Ferdinand von Zeppelin invented the rigid airship (Zeppelin).,0,0,1,7,15.0,21.0
Carl Wilhelm Siemens lived in Germany. Edouard Benedictus lived in France. Ernest Swinton lived in U.S.,1,1,0,6,15.0,24.0
Florence Parpart lived in U.S. R. Buckminster Fuller lived in Canada. Joseph Engelberger lived in Japan.,1,0,0,9,18.0,25.0
James Starley lived in U.S. ÃScott de Martinville lived in U.S. Jack Kilby invented the heterotransistor.,0,0,0,7,7.0,30.0
Luther George Simjian lived in Turkey/U.S. Hedy Lamarr lived in Sweden. Charles Cros invented the wrinkle-resistant fabric.,1,0,0,12,20.0,31.0
Fritz Pfleumer invented the magnetic tape. Michael Faraday invented the refracting telescope. Auguste and Louis LumiÃÂ¨re invented the cinematograph.,1,0,1,8,17.0,36.0
Ignazio Porro invented the lightning rod. Yoshua Bengio invented the airplane. Heinrich GÃÂ¶bel invented the standard time zones.,0,0,0,8,16.0,31.0
Linus Torvalds lived in Finland. Fritz Pfleumer lived in U.S. John Harrison lived in U.K.,1,0,1,7,17.0,25.0
Thomas Tompion lived in U.K. John Ericsson lived in Netherlands. Josephine Cochrane lived in U.S.,1,0,1,8,15.0,24.0
Lester Wire lived in U.S. Rudolf KÃÂ¡lmÃÂ¡n lived in U.K. Nils Bohlin invented the programming language (theoretical).,1,0,0,7,29.0,42.0
Richard Trevithick lived in U.K. George Devol invented the Unimate (first industrial robot). Blaise Pascal lived in U.S.,1,1,0,9,21.0,30.0
Charles Macintosh invented the waterproof fabric. Clyde Tombaugh invented the Unimate (first industrial robot). Alan Turing invented the tank.,1,0,0,6,19.0,25.0
John Logie Baird lived in U.S. Ruth Benerito lived in Italy. Joseph Bramah invented the hydraulic press.,0,0,1,9,17.0,25.0
Thomas Tompion lived in Canada/U.S. Candace Pert invented the World Wide Web. Elisha Otis invented the slide fastener (zipper precursor).,0,0,0,10,20.0,35.0
John Boyd Dunlop lived in Scotland. John Callcott Horsley lived in U.S. Felix Hoffmann invented the tank.,1,0,0,7,18.0,25.0
Charles Macintosh lived in U.K. Rudolf KÃÂ¡lmÃÂ¡n invented the Kalman filter. Konrad Zuse lived in Germany.,1,1,1,7,29.0,37.0
Walter Hunt invented the traffic signal. Herbert Akroyd Stuart invented the integrated circuit. Hans Berger lived in Germany.,0,0,1,6,16.0,22.0
Henri Giffard invented the airship (non-rigid). Stephanie Kwolek invented the slide fastener (zipper precursor). Semyon Kirlian invented the Kirlian photography.,1,0,1,13,27.0,39.0
John T. Parsons invented the Saffir-Simpson Hurricane Scale. James Clerk Maxwell lived in U.S. Jean-Bernard-LÃÂ©on Foucault invented the trackball.,0,0,0,13,22.0,42.0
Chester Carlson lived in Austrian Empire (modern-day Croatia)/U.S. Kwolek invented the Kevlar. Sir Sandford Fleming invented the World Wide Web.,0,1,0,16,25.0,35.0
BirutÃÂ© Galdikas lived in Canada. Nikolay Slavyanov invented the electric wheelchair. Laszlo Joseph Biro lived in Turkey/U.S.,1,0,0,14,25.0,39.0
Joseph Henry lived in U.S. Gordon Gould lived in U.K. Eugene Polley invented the wireless remote control.,1,0,1,6,14.0,23.0
John Kay invented the Richter scale. Alexander Graham Bell invented the telephone. John Shepherd-Barron lived in U.K.,0,1,0,6,13.0,24.0
George Pullman lived in U.S. Charles Goodyear lived in U.S. Frederick Walton lived in Germany.,1,1,0,7,7.0,22.0
Joseph Aspdin lived in U.K. John Shepherd-Barron invented the ATM. Ralph Benjamin lived in U.S.,1,1,0,7,16.0,24.0
James West invented the airplane. Stephanie Kwolek lived in U.S. Joseph Bramah lived in Switzerland.,0,1,0,4,14.0,21.0
Chester Carlson lived in U.S. George de Mestral invented the velcro. Robert Noyce invented the integrated circuit.,1,1,1,8,18.0,27.0
Richard Gatling lived in U.S. Levi Strauss lived in U.S. Alessandro Volta invented the Kirlian photography.,1,1,0,8,8.0,27.0
Ami Argand invented the AGA lighthouse. John Callcott Horsley invented the maser. Charles Wheatstone invented the Wheatstone bridge.,0,0,1,8,18.0,27.0
August Horch lived in Austria/U.S. Charles Francis Jenkins invented the motion picture projector. Luther George Simjian invented the Automated Teller Machine (ATM).,0,1,1,9,18.0,32.0
Wilhelm Conrad RÃÂ¶ntgen invented the X-rays discovery. Percy Spencer invented the food processor. Richard Trevithick invented the penicillin discovery.,1,0,0,17,24.0,34.0
Ralph Benjamin invented the compression refrigeration. Edouard Benedictus invented the modern chemical nomenclature. Lloyd Groff Copeman lived in U.S.,0,0,1,6,17.0,28.0
Sir Isaac Newton lived in France. Frederick McKinley Jones lived in Germany. Johannes Gutenberg invented the movable type printing press.,0,0,1,5,13.0,22.0
Mary Walton lived in U.S. Charles Macintosh invented the electric traffic light. Florence Parpart invented the modern electric refrigerator.,1,0,1,6,15.0,24.0
Joseph-Armand Bombardier lived in U.S. Louis Pasteur invented the pasteurization. John Gorrie lived in U.S.,0,1,1,11,19.0,28.0
Daisuke Inoue invented the karaoke machine. Sir Isaac Newton lived in U.K. Benjamin Holt invented the caterpillar track.,1,1,1,11,20.0,27.0
David Edward Hughes lived in U.S. Daisuke Inoue lived in Japan. Paul Gottlieb Nipkow lived in Germany.,1,1,1,7,17.0,29.0
Konrad Zuse invented the Unimate (first industrial robot). James West invented the electret microphone. Willem Einthoven lived in Netherlands.,0,1,1,12,20.0,29.0
Godfrey Hounsfield lived in U.K. BirutÃÂ© Galdikas lived in Japan. James Murray Spangler lived in U.S.,1,0,1,9,24.0,35.0
Sir Sandford Fleming invented the standard time zones. Hans Goldschmidt lived in Germany. Alexander Graham Bell lived in Austria/U.S.,1,1,0,8,16.0,27.0
George Pullman lived in Netherlands. Rudolf Diesel lived in Germany. Carlos Glidden lived in U.S.,0,1,1,5,12.0,21.0
Joseph Marie Jacquard lived in Russia. Bette Nesmith Graham invented the electromagnetic field theory. Henry Bessemer invented the Bessemer process for steelmaking.,0,0,1,6,18.0,32.0
Reginald Fessenden invented the teleprinter. Gottlieb Daimler lived in Japan. Philo Farnsworth invented the electronic television.,0,0,1,10,20.0,30.0
Alec Jeffreys invented the molecular laser. Yoshiro Nakamatsu invented the floppy disk. Joseph-Armand Bombardier lived in Canada.,0,1,1,9,20.0,31.0
Andr-Jacques Garnerin invented the Band-Aid. Charles Townes lived in U.S. John Walker invented the friction match.,0,1,1,13,22.0,29.0
Wilhelm Conrad RÃÂ¶ntgen lived in U.S. Kwolek lived in Sweden/U.S. Godfrey Hounsfield lived in Italy.,0,0,0,16,16.0,36.0
Albert Ghiorso lived in U.S. Alessandro Volta invented the electric battery. Gottlieb Daimler invented the internal combustion engine.,1,1,1,9,18.0,30.0
Charles Tellier invented the industrial robot. Arthur Pitney invented the postage meter. Percy Spencer lived in U.S.,0,1,1,6,14.0,22.0
Joseph Swan invented the diesel engine. William Congreve lived in U.K. Charles Strite lived in U.S.,0,1,1,5,14.0,23.0
Auguste and Louis LumiÃÂ¨re invented the Foucault pendulum. Guglielmo Marconi invented the radio. Godfrey Hounsfield invented the computed tomography (CT) scanner.,0,1,1,18,29.0,43.0
Henri Giffard invented the gasoline-powered automobile. Auguste and Louis LumiÃÂ¨re lived in France. Carl Sontheimer lived in U.S.,0,1,1,10,27.0,37.0
Samuel Fox invented the heterotransistor. Alec Jeffreys lived in Soviet Union. Marie Curie invented the Linux operating system.,0,0,0,6,16.0,25.0
Christian Huygens lived in U.K. Galileo Galilei invented the piano. John Walker lived in U.K.,0,0,1,8,15.0,23.0
Spencer Silver lived in U.K. Linus Torvalds lived in U.S. Sir Frank Whittle lived in Stephanie.,0,0,0,8,19.0,27.0
Herbert Akroyd Stuart lived in U.S. John Ericsson lived in Sweden. Charles Fritts invented the discovery of Pluto.,0,1,0,10,17.0,27.0
Gustaf DalÃÂ©n lived in U.K. Michael Faraday invented the electric generator. Valdemar Poulsen lived in Denmark.,0,1,1,14,22.0,33.0
Ami Argand invented the Argand lamp. Clyde Tombaugh lived in U.S. Kwolek invented the zipper.,1,1,0,8,18.0,26.0
Johannes Gutenberg lived in Italy. James Dyson lived in U.K. Carl Wilhelm Siemens lived in U.K.,0,1,0,6,15.0,15.0
George Washington Carver invented the agricultural innovations. Mary Anderson lived in U.S. Shinya Yamanaka invented the frameless parachute.,1,1,0,7,15.0,27.0
Mary Phelps Jacob invented the bagless vacuum cleaner. Fritz Pfleumer lived in Germany. Eugene Polley lived in U.K.,0,1,0,9,17.0,26.0
Jean-Bernard-LÃÂ©on Foucault lived in U.K. Blaise Pascal invented the mechanical calculator. Hans Lippershey invented the refracting telescope.,0,1,1,19,27.0,37.0
Candace Pert lived in U.S. John von Neumann lived in Hungary/U.S. Chester Carlson invented the alternating current (AC) electrical system.,1,1,0,8,8.0,32.0
Philo Taylor Farnsworth lived in France. Wilhelm Conrad RÃÂ¶ntgen invented the discovery of opiate receptor. Edwin H. Land lived in U.S.,0,0,1,8,27.0,37.0
Charles Townes invented the revolver. Zhores Alferov lived in Russia. Ada Lovelace lived in U.K.,0,1,1,6,15.0,25.0
Elisha Gray lived in U.S. Alexander Fleming invented the Post-it notes. Igor Sikorsky lived in Ukraine/U.S.,1,0,1,8,17.0,30.0
Hans von Ohain invented the discovery of radium and polonium. Thomas Wedgwood invented the photogram (proto-photography). Heinrich GÃÂ¶bel lived in Germany.,0,1,1,13,27.0,40.0
John Harrison invented the marine chronometer. Robert Adler lived in Austria/U.S. Mary Walton invented the Linux operating system.,1,1,0,6,16.0,24.0
Clyde Tombaugh invented the discovery of Pluto. Hans von Ohain lived in Poland/France. Carlos Glidden invented the typewriter.,1,0,1,9,19.0,27.0
Heinrich Hertz invented the electromagnetic waves discovery. Charles Tellier invented the liquefied gas refrigeration. Frederick G. Creed invented the teleprinter.,1,1,1,9,19.0,28.0
Gideon Sundback invented the aspirin synthesis. Linus Torvalds invented the Linux operating system. Jacob Perkins invented the compression refrigeration.,0,1,1,8,19.0,26.0
Nikolay Slavyanov invented the shielded metal arc welding. Eli Whitney lived in Germany. Elisha Gray invented the telegraph printer.,1,0,1,13,19.0,28.0
John Kay lived in U.S. Louis Pasteur lived in Sweden/U.S. Edwin H. Land lived in U.K.,0,0,0,6,6.0,26.0
Joseph Aspdin invented the Portland cement. Archimedes invented the refrigeration (absorption process). Ernest Swinton invented the pop-up toaster.,1,0,0,6,16.0,27.0
Alfred Nobel invented the dynamite. John Wesley Hyatt invented the celluloid. Felix Hoffmann lived in Germany.,1,1,1,6,15.0,22.0
Robert Chesebrough lived in France. George de Mestral lived in Switzerland. John Gorrie invented the reflecting telescope.,0,1,0,7,16.0,24.0
Ferdinand von Zeppelin lived in Germany. Sir Charles Parsons lived in India. Samuel Colt invented the caterpillar track.,1,0,0,8,15.0,23.0
Hedy Lamarr invented the AGA lighthouse. Ignazio Porro lived in Italy. Hans Geiger invented the penicillin discovery.,0,1,0,8,17.0,25.0
Charles Strite invented the pop-up toaster. Albert Ghiorso invented the co-discovery of multiple elements. Carlos Glidden invented the vaccine jet injector.,1,1,0,9,22.0,32.0
Maria Telkes invented the frequency hopping spread spectrum. Karl Benz lived in U.S. Andr-Jacques Garnerin lived in France.,0,0,1,8,16.0,28.0
Charles Francis Richter lived in U.K. Emile Berliner lived in Germany/U.S. Edouard Benedictus invented the safety glass.,0,1,1,8,20.0,30.0
Gideon Sundback lived in Sweden/U.S. Willis Carrier lived in U.S. John Boyd Dunlop invented the transistor.,1,1,0,11,11.0,28.0
Yoshua Bengio invented the deep learning (artificial neural networks). Philipp Reis lived in Germany. George Devol lived in Turkey/U.S.,1,1,0,13,20.0,31.0
Charles Tellier lived in U.S. Thomas Savery lived in Austrian Empire (modern-day Croatia)/U.S. Robert Moog invented the Moog synthesizer.,0,0,1,7,7.0,34.0
Heinrich Hertz lived in U.S. Grace Hopper invented the COBOL programming language. Philipp Reis invented the Kalman filter.,0,1,0,9,20.0,29.0
Leonardo da Vinci lived in U.S. Robert Chesebrough invented the Vaseline. John Logie Baird invented the mechanical television.,0,1,1,8,18.0,28.0
Yoshua Bengio lived in Canada. Joseph Engelberger lived in U.S. John Bardeen lived in U.S.,1,1,1,7,16.0,16.0
John Logie Baird invented the Liquid Paper. Mary Phelps Jacob lived in U.K. Zhores Alferov invented the heterotransistor.,0,0,1,8,18.0,29.0
Thomas Savery invented the early steam engine. Sir Humphry Davy invented the programming language (theoretical). Elisha Gray invented the safety pin.,1,0,0,7,21.0,30.0
Hippolyte MÃÂ¨ge-MouriÃÂ¨s lived in U.K. Charles Tellier lived in France. George Pullman invented the electrocardiograph (ECG).,0,1,0,26,33.0,45.0
Karl Benz invented the caterpillar track. Herbert Akroyd Stuart lived in England. Maria Telkes lived in Hungary/U.S.,0,1,1,6,15.0,26.0
Luther Simjian invented the electromagnetic field theory. Ralph H. Baer lived in U.K. Arthur Fry lived in U.S.,0,0,1,9,20.0,28.0
David Schwarz invented the rigid airship. Heinrich GÃÂ¶bel invented the early incandescent light bulb. James Watt lived in U.S.,1,1,0,6,22.0,30.0
Frank Bunker Gilbreth lived in U.K. Valdemar Poulsen invented the magnetic wire recorder. George Washington Carver invented the Phonautograph.,0,1,0,10,23.0,33.0
Marie Curie lived in Finland. Alexander Graham Bell lived in Scotland/Canada/U.S. Ernesto Blanco invented the electric wheelchair.,0,1,1,5,18.0,27.0
Frederick Walton lived in U.K. Shinya Yamanaka lived in Japan. Sir Frank Whittle lived in U.K.,1,1,1,7,17.0,27.0
Guglielmo Marconi lived in U.S. Charles Fritts lived in U.S. Igor Sikorsky invented the practical helicopter.,0,1,1,11,11.0,31.0
John Ambrose Fleming lived in U.K. Andr-Jacques Garnerin invented the frameless parachute. Joseph Engelberger invented the industrial robot.,1,1,1,8,22.0,30.0
Charles Wheatstone lived in U.S. Richard Gatling invented the improved telescope. George Devol lived in U.S.,0,0,1,7,16.0,25.0
Elihu Thomson invented the Gatling gun. James Dyson invented the food processor. Shinya Yamanaka invented the induced pluripotent stem cells.,0,0,1,9,17.0,31.0
Thomas Tompion invented the amplitude modulation (AM) radio. Nikolay Slavyanov lived in Russia. Nicolas Appert lived in Scotland.,0,1,0,11,21.0,28.0
Benjamin Franklin lived in U.K. Hans Goldschmidt lived in U.K. Ada Lovelace lived in U.S.,0,0,0,7,7.0,27.0
Carl Wilhelm Siemens invented the Siemens regenerative furnace. R. Buckminster Fuller invented the orangutan conservation. John Callcott Horsley lived in U.K.,1,0,1,9,20.0,31.0
George Antheil invented the piano roll (used in player pianos). Sir Sandford Fleming lived in U.K. John Ericsson invented the electrocardiograph (ECG).,1,0,0,13,23.0,35.0
Wilhelm Conrad RÃÂ¶ntgen lived in Germany. Maria Telkes lived in Austria/U.S. Louis Pasteur invented the zipper.,1,0,0,14,25.0,32.0
Heinrich Hertz lived in Germany. Mary Anderson invented the windshield wiper. Karl Landsteiner lived in U.K.,1,1,0,7,16.0,26.0
Karl Benz lived in Germany. Yvonne Brill invented the electrothermal hydrazine thruster. Dr. Robert Gallo invented the co-discovery of HIV.,1,1,1,5,20.0,33.0
Cai Lun lived in Netherlands. Earle Dickson invented the Band-Aid. Eugene Polley lived in U.S.,0,1,1,6,18.0,27.0
Yvonne Brill invented the stored-program computer architecture. Ralph H. Baer invented the first home video game console. Laszlo Joseph Biro invented the Automated Teller Machine (ATM).,0,1,0,11,24.0,39.0
Daniel Fahrenheit lived in Poland/Germany. Ralph Benjamin lived in U.K. Rudolf KÃÂ¡lmÃÂ¡n invented the World Wide Web.,1,1,0,6,14.0,36.0
Otis Boykin lived in U.S. Willis Carrier lived in U.K. Joseph-Armand Bombardier invented the snowmobile.,1,0,1,8,16.0,28.0
Gideon Sundback lived in Germany. Robert Adler invented the assembly line production. Edwin H. Land invented the instant photography (Polaroid).,0,0,1,7,15.0,28.0
ÃScott de Martinville invented the Phonautograph. Rudolf KÃÂ¡lmÃÂ¡n lived in Hungary. James Murray Spangler lived in France.,1,1,0,11,31.0,40.0
Evangelista Torricelli invented the cinematograph. John Atanasoff invented the first electronic digital computer (prototype). Pierre Curie invented the solar thermal storage system.,0,1,0,10,24.0,34.0
Ferdinand CarrÃÂ© lived in Russia. Igor Tamm invented the electron cooling. James Hargreaves lived in U.S.,0,1,0,10,19.0,30.0
Vint Cerf invented the internet protocol suite. Sir Isaac Newton invented the neon lighting. Philo Farnsworth lived in U.S.,1,0,1,8,16.0,27.0
Grace Hopper lived in U.S. Yoshiro Nakamatsu lived in U.K. August Horch invented the Audi automobile.,1,0,1,8,20.0,29.0
Luther Simjian lived in U.K. James Hargreaves invented the airplane. George Devol invented the Bankograph (early ATM).,0,0,0,9,18.0,29.0
Christian Huygens invented the vacuum tube diode. Clarence Birdseye invented the flash freezing. Charles Babbage lived in Italy.,0,1,0,8,17.0,24.0
John Harrison invented the safety lamp. Archimedes lived in France. Edmund Cartwright lived in Germany.,0,0,0,5,12.0,19.0
George Pullman invented the Pullman railroad sleeping car. John Wesley Hyatt lived in U.S. Ada Lovelace invented the programming language (theoretical).,1,1,1,9,19.0,32.0
Rudolf Diesel lived in U.S. Sir Humphry Davy lived in U.K. James Dyson invented the bagless vacuum cleaner.,0,1,1,9,20.0,30.0
Edmund Cartwright invented the power loom. Hans Oersted invented the electromagnetism discovery. Vint Cerf lived in France.,1,1,0,7,17.0,25.0
Daisuke Inoue invented the COBOL programming language. Benjamin Rubin invented the typewriter. Luther Simjian invented the Bankograph (early ATM).,0,0,1,12,20.0,32.0
Luther Simjian lived in Turkey/U.S. John T. Parsons lived in U.S. Gordon Gould invented the laser.,1,1,1,11,11.0,27.0
Spencer Silver invented the adhesive (used in Post-it notes). Gideon Sundback invented the zipper. Mary Anderson invented the pasteurization.,1,1,0,13,23.0,31.0
Charles Babbage invented the barometer. Christopher Cockerell lived in Japan. William Sturgeon lived in U.K.,0,0,1,6,14.0,23.0
Thomas Edison invented the light bulb. Georges Claude lived in Germany. Percy Spencer invented the microwave oven.,1,0,1,5,11.0,18.0
Christian Huygens lived in Netherlands. Charles Babbage lived in U.K. Bette Nesmith Graham invented the Liquid Paper.,1,1,1,6,15.0,26.0
Joseph Marie Jacquard invented the Kirlian photography. Pierre Curie lived in France. Bette Nesmith Graham lived in U.K.,0,1,0,9,16.0,28.0
Ruth Benerito invented the various inventions and concepts (theoretical). Thomas Savery lived in U.K. Konrad Zuse invented the programmable computer (Z3).,0,1,1,14,23.0,35.0
Godfrey Hounsfield invented the improved telescope. Ferdinand CarrÃÂ© invented the refrigeration (absorption process). Ignazio Porro invented the Porro prism.,0,1,1,8,22.0,33.0
John Shepherd-Barron invented the DNA fingerprinting. Gottlieb Daimler invented the induced pluripotent stem cells. Alan Turing lived in U.K.,0,0,1,9,23.0,31.0
Carl Elsener lived in Switzerland. Arthur Fry invented the hot bulb engine. Pierre Curie invented the piezoelectricity.,1,0,1,5,13.0,23.0
James Hargreaves invented the spinning jenny. Bette Nesmith Graham lived in U.S. George Cayley invented the aerodynamics (theoretical).,1,1,1,9,21.0,33.0
Hans Oersted lived in Turkey/U.S. John Ericsson invented the propeller-driven steamship. Frederick McKinley Jones invented the Geiger counter.,0,1,0,11,23.0,33.0
August Horch lived in Germany. Alexander Fleming invented the penicillin discovery. Yoshiro Nakamatsu lived in Japan.,1,1,1,5,12.0,22.0
Ernesto Blanco lived in U.S. James Clerk Maxwell lived in U.K. Edwin Herbert Hall invented the electronic television.,1,1,0,9,18.0,26.0
Alva J. Fisher lived in U.S. Garrett Morgan lived in U.S. Lester Wire lived in France.,1,1,0,9,9.0,25.0
Hans Oersted lived in Denmark. Maria Telkes invented the solar thermal storage system. Hippolyte MÃÂ¨ge-MouriÃÂ¨s lived in France.,1,1,1,7,17.0,42.0
William Congreve invented the Congreve rocket. Nikolai Basov lived in U.S. John T. Parsons invented the numerical control (CNC).,1,0,1,7,18.0,30.0
Christian Huygens invented the pendulum clock. Edwin Herbert Hall lived in U.S. Karl Landsteiner lived in Austria.,1,1,1,7,16.0,24.0
Hans von Ohain lived in Germany. Dr. Robert Gallo lived in Sweden. Charles Strite invented the blue jeans.,1,0,0,7,16.0,24.0
Nikola Tesla lived in Germany. Earle Dickson lived in U.S. Hans Geiger lived in U.K.,0,1,0,6,17.0,26.0
Robert Adler lived in U.S. Archimedes lived in Ancient Greece. Henry Bessemer lived in U.K.,0,1,1,6,14.0,24.0
Joseph Bramah lived in U.K. Evangelista Torricelli lived in France. Joseph Swan invented the carbon-filament lamp.,1,0,1,7,16.0,26.0
Paul Gottlieb Nipkow lived in U.S. Philo Taylor Farnsworth lived in U.S. Carl Elsener lived in Netherlands.,0,1,0,12,12.0,31.0
Benjamin Holt invented the electret microphone. Karl Benz invented the gasoline-powered automobile. Eli Whitney invented the electromagnetic waves discovery.,0,1,0,7,16.0,24.0
Garrett Morgan invented the celluloid. Samuel Colt lived in U.S. Ruth Handler lived in U.S.,0,1,1,6,15.0,15.0
Joseph Marie Jacquard invented the Jacquard loom. James Starley invented the Hall effect. Robert Moog invented the integrated circuit.,1,0,0,8,16.0,24.0
Nikolai Basov lived in Soviet Union. Antoine Lavoisier lived in France. John Bardeen invented the transistor.,1,1,1,9,18.0,25.0
Richard Gatling lived in Italy. Sir Humphry Davy invented the safety lamp. Hans von Ohain invented the jet engine.,0,1,1,6,16.0,25.0
Elisha Otis invented the safety elevator. Willem Einthoven lived in Germany. Henry Ford invented the assembly line production.,1,0,1,8,17.0,25.0
R. Buckminster Fuller invented the geodesic dome. Tim Berners-Lee lived in U.S. Charles Francis Richter lived in U.S.,1,0,1,10,21.0,21.0
George Antheil lived in Stephanie. John von Neumann lived in Italy. Philo Farnsworth lived in Germany.,0,0,0,6,13.0,22.0
Benjamin Holt lived in U.S. George Eastman invented the roll film. Joseph Glidden lived in France.,1,1,0,7,15.0,22.0
Daniel Fahrenheit invented the mercury-in-glass thermometer. Archimedes invented the Archimedes' screw. Thomas Savery invented the alternating current (AC) electrical system.,1,1,0,9,20.0,33.0
Reginald Fessenden invented the amplitude modulation (AM) radio. Yoshiro Nakamatsu invented the Bessemer process for steelmaking. Joseph Glidden invented the barbed wire.,1,0,1,14,30.0,38.0
Jean-Bernard-LÃÂ©on Foucault invented the Foucault pendulum. Giovanni Caselli lived in France. Nicolas Appert lived in France.,1,0,1,20,27.0,27.0
David Schwarz lived in Croatia. Vint Cerf lived in U.S. Ralph H. Baer lived in U.S.,1,1,1,4,14.0,14.0
John Ambrose Fleming invented the vacuum tube diode. Fridtjof Nansen invented the automatic dishwasher. Spencer Silver lived in U.S.,1,0,1,8,20.0,28.0
Bartolomeo Cristofori invented the Morse code. Robert Chesebrough invented the mechanical calculator. Jacob Perkins invented the Christmas card.,0,0,0,11,21.0,28.0
James West lived in U.S. Otis Boykin invented the improved electrical resistor. John Shepherd-Barron lived in Scotland.,1,1,1,6,16.0,25.0
Igor Sikorsky lived in U.K. Michael Faraday lived in Netherlands. Hippolyte MÃÂ¨ge-MouriÃÂ¨s invented the World Wide Web.,0,0,0,9,16.0,43.0
Orville and Wilbur Wright invented the postage meter. Ralph H. Baer invented the flying shuttle. Charles Cros lived in U.S.,0,0,0,9,19.0,28.0
Jacob Perkins lived in U.K. Luther George Simjian invented the electromagnetic waves discovery. George Cayley invented the analytical engine (mechanical computer).,0,0,0,6,17.0,29.0
